College Name,Branch,Closing Rank,Percentile
"Sant Gadge Baba Amravati University,Amravati",Oil and Paints Technology,79162,50.9996691
"Sant Gadge Baba Amravati University,Amravati",Oil and Paints Technology,110225,18.840167
"Jawaharlal Darda Institute of Engineering and Technology, Yavatmal",Computer Science and Engineering,29315,84.1506751
"Jawaharlal Darda Institute of Engineering and Technology, Yavatmal",Electrical Engineering,89575,41.9139826
"Jawaharlal Darda Institute of Engineering and Technology, Yavatmal",Electronics and Telecommunication Engg,67430,59.7201871
"Jawaharlal Darda Institute of Engineering and Technology, Yavatmal",Mechanical Engineering,116697,10.1982314
"Shri Hanuman Vyayam Prasarak Mandals College of Engineering & Technology, Amravati",Mechanical Engineering,79107,50.9996691
"Dwarka Bahu Uddeshiya Gramin Vikas Foundation, Rajarshri Shahu College of Engineering, Buldhana",Electrical Engineering,108148,21.5067519
"Shri. Dadasaheb Gawai Charitable Trust's Dr. Smt. Kamaltai Gawai Institute of Engineering & Technology, Darapur, Amravati",Civil Engineering,116209,10.6465496
"Siddhivinayak Technical Campus, School of Engineering & Research Technology, Shirasgon, Nile",Electrical Engg[Electronics and Power],93617,37.5478565
"University Department of Chemical Technology, Aurangabad",Food Technology,78343,51.2359011
"Everest Education Society, Group of Institutions (Integrated Campus), Ohar",Computer Science and Engineering,64782,61.9054461
"Matoshri Pratishan's Group of Institutions (Integrated Campus), Kupsarwadi , Nanded",Electrical Engineering,108301,21.2317049
"Matoshri Pratishan's Group of Institutions (Integrated Campus), Kupsarwadi , Nanded",Electrical Engineering,92434,39.1582539
"Mahatma Gandhi Missions College of Engineering, Hingoli Rd, Nanded.",Civil Engineering,61734,64.0172786
"Peoples Education Society's College of Engineering, Aurangabad",Mechanical & Automation Engineering,102379,28.4665226
23,Computer Science and Engineering(Data Science),114021,13.7713294
"Matsyodari Shikshan Sansatha's College of Engineering and Technology, Jalna",Civil Engineering,116831,10.0599952
"Government College of Engineering, Ratnagiri",Food Technology And Management,65305,61.6697194
"Mahavir Education Trust's Shah & Anchor Kutchhi Engineering College, Mumbai",Computer Engineering,14397,92.2346476
"Mahavir Education Trust's Shah & Anchor Kutchhi Engineering College, Mumbai",Information Technology,18134,90.269681
"Mahavir Education Trust's Shah & Anchor Kutchhi Engineering College, Mumbai",Cyber Security,32645,82.3877908
"Mahavir Education Trust's Shah & Anchor Kutchhi Engineering College, Mumbai",Electronics and Telecommunication Engg,56554,67.4824177
"Mahavir Education Trust's Shah & Anchor Kutchhi Engineering College, Mumbai",Artificial Intelligence and Data Science,21212,88.5953918
"Saraswati Education Society's Saraswati College of Engineering,Kharghar Navi Mumbai",Civil Engineering,105406,25.0367211
"Saraswati Education Society's Saraswati College of Engineering,Kharghar Navi Mumbai",Mechanical Engineering,114261,13.5287968
"M.G.M.'s College of Engineering and Technology, Kamothe, Navi Mumbai",Civil Engineering,108323,21.2317049
"Thadomal Shahani Engineering College, Bandra, Mumbai",Computer Engineering,3098,98.2061503
"Thadomal Shahani Engineering College, Bandra, Mumbai",Information Technology,3770,97.8540978
"Thadomal Shahani Engineering College, Bandra, Mumbai",Electronics and Telecommunication Engg,9602,94.7358445
"Thadomal Shahani Engineering College, Bandra, Mumbai",Chemical Engineering,19194,89.629736
"Thadomal Shahani Engineering College, Bandra, Mumbai",Artificial Intelligence and Data Science,5363,96.9585074
"Anjuman-l-Islam's M.H. Saboo Siddik College of Engineering, Byculla, Mumbai",Civil Engineering,21197,88.5953918
"Anjuman-l-Islam's M.H. Saboo Siddik College of Engineering, Byculla, Mumbai",Information Technology,26438,85.7225489
"Anjuman-l-Islam's M.H. Saboo Siddik College of Engineering, Byculla, Mumbai",Computer Science and Engineering(Artificial Intelligence and Machine Learning),40188,78.0555027
"Fr. Conceicao Rodrigues College of Engineering, Bandra,Mumbai",Mechanical Engineering,26175,85.8374792
"Vivekanand Education Society's Institute of Technology, Chembur, Mumbai",Computer Engineering,4067,97.6728754
"Vivekanand Education Society's Institute of Technology, Chembur, Mumbai",Information Technology,5159,97.1164439
"Vivekanand Education Society's Institute of Technology, Chembur, Mumbai",Electronics and Computer Science,11964,93.5601746
"Vivekanand Education Society's Institute of Technology, Chembur, Mumbai",Electronics and Telecommunication Engg,16516,91.1038771
"Vivekanand Education Society's Institute of Technology, Chembur, Mumbai",Automation and Robotics,26350,85.7967175
"Vivekanand Education Society's Institute of Technology, Chembur, Mumbai",Artificial Intelligence and Data Science,7514,95.8675305
"Terna Engineering College, Nerul, Navi Mumbai",Mechanical Engineering,28429,84.6390824
"Lokmanya Tilak College of Engineering, Kopar Khairane, Navi Mumbai",Computer Engineering,21740,88.2761636
"Lokmanya Tilak College of Engineering, Kopar Khairane, Navi Mumbai",Electronics and Telecommunication Engg,68324,59.4192464
"Lokmanya Tilak College of Engineering, Kopar Khairane, Navi Mumbai",Computer Science and Engineering(Data Science),32398,82.424443
"Agnel Charities' FR. C. Rodrigues Institute of Technology, Vashi, Navi Mumbai",Computer Engineering,6352,96.472706
"Agnel Charities' FR. C. Rodrigues Institute of Technology, Vashi, Navi Mumbai",Mechanical Engineering,55244,68.5714285
"Rizvi Education Society's Rizvi College of Engineering, Bandra,Mumbai",Electronics and Computer Science,36275,80.8718313
"Rizvi Education Society's Rizvi College of Engineering, Bandra,Mumbai",Artificial Intelligence and Data Science,27640,85.0225065
"Atharva College of Engineering,Malad(West),Mumbai",Electrical Engineering,85360,45.2718114
"St. Francis Institute of Technology,Borivali, Mumbai",Electrical Engineering,48199,72.8974176
"St. Francis Institute of Technology,Borivali, Mumbai",Electronics and Telecommunication Engg,30693,83.3246679
"St. Francis Institute of Technology,Borivali, Mumbai",Mechanical Engineering,78600,51.2359011
"Don Bosco Institute of Technology, Mumbai",Information Technology,11072,94.0029697
"Don Bosco Institute of Technology, Mumbai",Electronics and Telecommunication Engg,37399,79.5386869
"Don Bosco Institute of Technology, Mumbai",Mechanical Engineering,113977,13.7713294
"Excelsior Education Society's K.C. College of Engineering and Management Studies and Research, Kopri, Thane (E)",Computer Engineering,28171,84.8685155
"Excelsior Education Society's K.C. College of Engineering and Management Studies and Research, Kopri, Thane (E)",Information Technology,37956,79.4729608
"Excelsior Education Society's K.C. College of Engineering and Management Studies and Research, Kopri, Thane (E)",Electronics and Telecommunication Engg,83666,46.4456321
"S.I.E.S. Graduate School of Technology, Nerul, Navi Mumbai",Computer Engineering,9475,94.8692104
"S.I.E.S. Graduate School of Technology, Nerul, Navi Mumbai",Information Technology,11423,93.8196123
"S.I.E.S. Graduate School of Technology, Nerul, Navi Mumbai",Electronics and Telecommunication Engg,43598,75.7886771
"S.I.E.S. Graduate School of Technology, Nerul, Navi Mumbai",Electronics and Telecommunication Engg,53056,69.7082914
"S.I.E.S. Graduate School of Technology, Nerul, Navi Mumbai",Electronics and Computer Science,29326,84.1506751
"S.I.E.S. Graduate School of Technology, Nerul, Navi Mumbai",Computer Science and Engineering (Internet of Things and Cyber Security Including Block Chain,24957,86.5233044
"S.I.E.S. Graduate School of Technology, Nerul, Navi Mumbai",Artificial Intelligence and Machine Learning,22044,88.1374722
"S.I.E.S. Graduate School of Technology, Nerul, Navi Mumbai",Artificial Intelligence and Data Science,15604,91.586273
"WATUMULL INSTITUTE OF ELECTRONICS ENGINEERING & COMPUTER TECHNOLOGY, ULHASNAGAR",Computer Engineering,53388,69.6045087
"Xavier Institute Of Engineering C/O Xavier Technical Institute, Mahim,Mumbai",Computer Engineering,10396,94.3362575
"Xavier Institute Of Engineering C/O Xavier Technical Institute, Mahim,Mumbai",Information Technology,13981,92.4845102
"Xavier Institute Of Engineering C/O Xavier Technical Institute, Mahim,Mumbai",Electronics and Telecommunication Engg,31249,83.1650789
"Xavier Institute Of Engineering C/O Xavier Technical Institute, Mahim,Mumbai",Computer Science and Engineering (Internet of Things and Cyber Security Including Block Chain,21813,88.2550174
"Gharda Foundation's Gharda Institute of Technology,Khed, Ratnagiri",Chemical Engineering,110589,18.3037194
"Vighnaharata Trust's Shivajirao S. Jondhale College of Engineering & Technology, Shahapur, Asangaon, Dist Thane",Civil Engineering,106816,23.121138
"Vighnaharata Trust's Shivajirao S. Jondhale College of Engineering & Technology, Shahapur, Asangaon, Dist Thane",Automation and Robotics,111880,16.7412669
"Vighnaharata Trust's Shivajirao S. Jondhale College of Engineering & Technology, Shahapur, Asangaon, Dist Thane",Automation and Robotics,106525,23.2238494
"Aldel Education Trust's St. John College of Engineering & Management, Vevoor, Palghar",Civil Engineering,28709,84.3826019
"Aldel Education Trust's St. John College of Engineering & Management, Vevoor, Palghar",Information Technology,29477,84.1495823
"Aldel Education Trust's St. John College of Engineering & Management, Vevoor, Palghar",Computer Science and Engineering(Data Science),44468,75.4846987
"Aldel Education Trust's St. John College of Engineering & Management, Vevoor, Palghar",Artificial Intelligence and Machine Learning,50769,74.2367422
"Koti Vidya Charitable Trust's Smt. Alamuri Ratnamala Institute of Engineering and Technology, Sapgaon, Tal. Shahapur",Computer Engineering,76327,52.8246408
"Koti Vidya Charitable Trust's Smt. Alamuri Ratnamala Institute of Engineering and Technology, Sapgaon, Tal. Shahapur",Information Technology,70340,57.6946774
"Late Shri. Vishnu Waman Thakur Charitable Trust, Viva Institute of Technology, Shirgaon",Electronics and Telecommunication Engg,98575,32.3435843
"Haji Jamaluddin Thim Trust's Theem College of Engineering, At. Villege Betegaon, Boisar",Computer Engineering,63077,63.088298
"Haji Jamaluddin Thim Trust's Theem College of Engineering, At. Villege Betegaon, Boisar",Information Technology,76494,52.8246408
"Mahatma Education Society's Pillai HOC College of Engineering & Technology, Tal. Khalapur. Dist. Raigad",Computer Engineering,39184,78.482599
"Mahatma Education Society's Pillai HOC College of Engineering & Technology, Tal. Khalapur. Dist. Raigad",Information Technology,39619,78.2814198
"Mahatma Education Society's Pillai HOC College of Engineering & Technology, Tal. Khalapur. Dist. Raigad",Electrical Engineering,71318,57.0638559
"Mahatma Education Society's Pillai HOC College of Engineering & Technology, Tal. Khalapur. Dist. Raigad",Electronics and Computer Science,56596,67.4824177
"Shree L.R. Tiwari College of Engineering, Mira Road, Mumbai",Civil Engineering,24486,86.8703589
"Shree L.R. Tiwari College of Engineering, Mira Road, Mumbai",Information Technology,28818,84.2697705
"Shree L.R. Tiwari College of Engineering, Mira Road, Mumbai",Electronics and Telecommunication Engg,71173,57.0638559
"Anjuman-l-Islam's Kalsekar Technical Campus, Panvel",Civil Engineering,44115,75.6049358
"Anjuman-l-Islam's Kalsekar Technical Campus, Panvel",Electronics and Computer Science,63099,63.088298
"Universal College of Engineering,Kaman Dist. Palghar",Information Technology,43599,75.7886771
"Universal College of Engineering,Kaman Dist. Palghar",Artificial Intelligence and Machine Learning,62393,63.7147595
"Ideal Institute of Technology, Wada, Dist.Thane",Electronics and Telecommunication Engg,110035,19.1072714
"New Horizon Institute of Technology & Management, Thane",Mechatronics Engineering,79055,50.9996691
"A. P. Shah Institute of Technology, Thane",Civil Engineering,21638,88.3304859
"A. P. Shah Institute of Technology, Thane",Information Technology,30202,83.6470757
"A. P. Shah Institute of Technology, Thane",Computer Science and Engineering(Artificial Intelligence and Machine Learning),31146,83.2284916
"Government College of Engineering, Chandrapur",Instrumentation Engineering,102850,28.1605922
"Government College of Engineering, Chandrapur",Mechanical Engineering,109487,19.8474395
"Lokmanya Tilak Jankalyan Shikshan Sanstha, Priyadarshani College of Engineering, Nagpur",Aeronautical Engineering,66712,60.6284658
"Lokmanya Tilak Jankalyan Shikshan Sanstha, Priyadarshani College of Engineering, Nagpur",Bio Technology,76928,52.4476185
"Lokmanya Tilak Jankalyan Shikshan Sanstha, Priyadarshani College of Engineering, Nagpur",Civil Engineering,107138,22.4871071
"Lokmanya Tilak Jankalyan Shikshan Sanstha, Priyadarshani College of Engineering, Nagpur",Computer Science and Engineering,31427,83.1461738
"Lokmanya Tilak Jankalyan Shikshan Sanstha, Priyadarshani College of Engineering, Nagpur",Information Technology,35596,80.6275908
"Lokmanya Tilak Jankalyan Shikshan Sanstha, Priyadarshani College of Engineering, Nagpur",Computer Technology,43336,75.8471965
"Lokmanya Tilak Jankalyan Shikshan Sanstha, Priyadarshani College of Engineering, Nagpur",Industrial loT,67322,60.0860804
"Lokmanya Tilak Jankalyan Shikshan Sanstha, Priyadarshani College of Engineering, Nagpur",Robotics and Artificial Intelligence,60586,64.886326
"Lokmanya Tilak Jankalyan Shikshan Sanstha, Priyadarshani College of Engineering, Nagpur",Electrical Engineering,96549,34.6668564
"Lokmanya Tilak Jankalyan Shikshan Sanstha, Priyadarshani College of Engineering, Nagpur",Electrical Engg[Electronics and Power],78003,51.2600953
"Lokmanya Tilak Jankalyan Shikshan Sanstha, Priyadarshani College of Engineering, Nagpur",Electronics and Communication Engineering,74516,54.1780657
"Lokmanya Tilak Jankalyan Shikshan Sanstha, Priyadarshani College of Engineering, Nagpur",Chemical Engineering,77112,52.2301039
"Lokmanya Tilak Jankalyan Shikshan Sanstha, Priyadarshani College of Engineering, Nagpur",Artificial Intelligence and Data Science,52237,70.7220669
"Sanmarg Shikshan Sanstha's Smt. Radhikatai Pandav College of Engineering, Nagpur",Electrical Engineering,95431,35.6983743
"Samridhi Sarwajanik Charitable Trust, Jhulelal Institute of Technology, Nagpur",Electrical Engineering,94667,35.978039
"Samridhi Sarwajanik Charitable Trust, Jhulelal Institute of Technology, Nagpur",Electronics and Telecommunication Engg,79205,50.9996691
"Samridhi Sarwajanik Charitable Trust, Jhulelal Institute of Technology, Nagpur",Computer Science and Engineering(Artificial Intelligence and Machine Learning),75642,53.8866742
"Sanmarg Shikshan Sanstha, Mandukarrao Pandav College of Engineering, Bhandara",Electronics and Telecommunication Engg,113909,14.2210761
"Shri. Sai Shikshan Sanstha, Nagpur Institute of Technology, Nagpur",Civil Engineering,103028,27.3337429
"Anjuman College of Engineering & Technology, Nagpur",Civil Engineering,91350,39.4227966
"Anjuman College of Engineering & Technology, Nagpur",Civil Engineering,63785,62.3954246
"Anjuman College of Engineering & Technology, Nagpur",Artificial Intelligence (Al) and Data Science,69678,57.9292585
"Anjuman College of Engineering & Technology, Nagpur",Electrical Engineering,112900,15.1013848
"Anjuman College of Engineering & Technology, Nagpur",Electronics and Telecommunication Engg,87567,43.0138429
"Priyadarshini Bhagwati College of Engineering, Harpur Nagar, Umred Road,Nagpur",Civil Engineering,100832,29.3528763
"Priyadarshini Bhagwati College of Engineering, Harpur Nagar, Umred Road,Nagpur",Computer Science and Engineering,45317,74.745321
"Priyadarshini Bhagwati College of Engineering, Harpur Nagar, Umred Road,Nagpur",Information Technology,52223,70.8665527
"Priyadarshini Bhagwati College of Engineering, Harpur Nagar, Umred Road,Nagpur",Electronics and Communication Engineering,77071,52.2301039
"Krushi Jivan Vikas Pratishthan, Ballarpur Institute of Technology, Mouza Bamni",Computer Science and Engineering,114144,13.5440394
"K.D.M. Education Society, Vidharbha Institute of Technology,Umred Road ,Nagpur",Computer Science and Engineering,97602,33.083064
"V M Institute of Engineering and Technology, Dongargaon, Nagpur",Civil Engineering,109488,19.8474395
"V M Institute of Engineering and Technology, Dongargaon, Nagpur",Electrical Engineering,83789,46.4456321
"Bajaj Institute of Technology, Wardha",Computer Engineering,31483,82.9381616
"Bajaj Institute of Technology, Wardha",Electrical Engineering,52357,70.7220669
"Bajaj Institute of Technology, Wardha",Mechanical Engineering,74849,54.1664697
"University Institute of Chemical Technology, North Maharashtra University, Jalgaon",Chemical Engineering,115090,12.219415
"Dr. Vithalrao Vikhe Patil College of Engineering, Anmednagar",Civil Engineering,99124,32.1061359
"P.S.G.V.P. Mandal's D.N. Patel College of Engineering, Shahada, Dist. Nandurbar",Civil Engineering,102627,28.1605922
"P.S.G.V.P. Mandal's D.N. Patel College of Engineering, Shahada, Dist. Nandurbar",Electronics and Telecommunication Engg,90515,39.8713522
"P.S.G.V.P. Mandal's D.N. Patel College of Engineering, Shahada, Dist. Nandurbar",Mechanical Engineering,114245,13.5287968
"Hindi Seva Mandal's Shri Sant Gadgebaba College of Engineering & Technology, Bhusawal",Computer Science and Engineering,62329,63.7783399
"Hindi Seva Mandal's Shri Sant Gadgebaba College of Engineering & Technology, Bhusawal",Electronics and Telecommunication Engg,108734,20.8205322
"Hindi Seva Mandal's Shri Sant Gadgebaba College of Engineering & Technology, Bhusawal",Artificial Intelligence and Data Science,93072,38.5667023
"SNJB's Late Sau. Kantabai Bhavarlalji Jain College of Engineering, (Jain Gurukul), Neminagar,Chandwad,(Nashik)",Civil Engineering,106066,23.9542468
"SNJB's Late Sau. Kantabai Bhavarlalji Jain College of Engineering, (Jain Gurukul), Neminagar,Chandwad,(Nashik)",Computer Engineering,39191,78.3504176
"SNJB's Late Sau. Kantabai Bhavarlalji Jain College of Engineering, (Jain Gurukul), Neminagar,Chandwad,(Nashik)",Electronics and Telecommunication Engg,60233,65.2400587
"SNJB's Late Sau. Kantabai Bhavarlalji Jain College of Engineering, (Jain Gurukul), Neminagar,Chandwad,(Nashik)",Artificial Intelligence and Data Science,51612,70.9370842
"Amruta Vaishnavi Education & Welfare Trust's Shatabdi Institute of Engineering & Research, Agaskhind Tal. Sinnar",Computer Engineering,68522,59.4192464
"Amruta Vaishnavi Education & Welfare Trust's Shatabdi Institute of Engineering & Research, Agaskhind Tal. Sinnar",Electronics and Telecommunication Engg,90684,39.6081812
"Ahmednagar Jilha Maratha Vidya Prasarak Samajache, Shri. Chhatrapati Shivaji Maharaj College of Engineering, Nepti",Mechanical Engineering,109635,19.499854
"Maulana Mukhtar Ahmad Nadvi Technical Campus, Malegaon.",Civil Engineering,85499,44.986801
"Shri Vile Parle Kelavani Mandal's Institute of Technology, Dhule",Civil Engineering,94056,36.1623265
"Shri Vile Parle Kelavani Mandal's Institute of Technology, Dhule",Computer Engineering,28640,84.3826019
"Shri Vile Parle Kelavani Mandal's Institute of Technology, Dhule",Information Technology,41320,77.0895594
"Shri Vile Parle Kelavani Mandal's Institute of Technology, Dhule",Electrical Engineering,61758,64.0172786
"Shri Vile Parle Kelavani Mandal's Institute of Technology, Dhule",Mechanical Engineering,81873,48.2601391
"Department of Technology, Shivaji University, Kolhapur",Civil Engineering,114257,13.5287968
"TSSMS's Pd. Vasantdada Patil Institute of Technology, Bavdhan, Pune",Civil Engineering,108521,20.8205322
"Siddhant College of Engineering, A/p Sudumbare, Tal.Maval, Dist-Pune",Electronics and Telecommunication Engg,66089,60.7344231
"Sinhgad College of Engineering, Vadgaon (BK), Pune",Civil Engineering,113211,14.9316558
"Indira College of Engineering & Management, Pune",Civil Engineering,72282,56.5826603
"Al-Ameen Educational and Medical Foundation, College of Engineering, Koregaon, Bhima",Computer Engineering,62508,63.7147595
"KSGBS's Bharat- Ratna Indira Gandhi College of Engineering, Kegaon, Solapur",Bio Medical Engineering,100424,30.014662
"KSGBS's Bharat- Ratna Indira Gandhi College of Engineering, Kegaon, Solapur",Bio Medical Engineering,100192,30.5619889
"Bharati Vidyapeeth's College of Engineering, Kolhapur",Civil Engineering,108293,21.2317049
